appid,name,missing_fields,source_appdetails,source_html_fallback
4432340,喵喵女僕的性服務生活！！,review_count,True,False
4546680,Message Salon,review_count,True,False
4462970,狼娘的露出NTR！！,review_count,True,False
4315560,Sex Queen,review_count,True,False
2511120,新・他の男の精液で孕んでもいいですか…?　２ ～ 全身汗だく浮気セックスで妊娠したウェディングプランナーの婚約者 ～,review_count,True,False
4257390,Femdom Overtime,review_count,True,False
3576330,Hentai Tavern,"price_twd_original,review_count",True,False
3809390,Ardor for Depravity,"price_twd_original,release_date,review_count",True,False
4127970,Femdom Hero 3,review_count,True,False
4367840,My Swimsuit Bully,review_count,True,False
3576130,CYBER RONIN: Lust,"price_twd_original,review_count",True,False
4188980,The Femdom Project 4,review_count,True,False
4185300,The Femdom Project 2,review_count,True,False
4379250,Valentine's Day Bikini Femdom,review_count,True,False
2359960,Sex Novel - Swingers Yacht,review_count,True,False
4187240,The Femdom Project 3,review_count,True,False
4191850,The Femdom Project 5,review_count,True,False
3982390,Yandere Goth BDSM 10,review_count,True,False
3972270,Yandere Goth BDSM 7,review_count,True,False
3973400,Yandere Goth BDSM 8,review_count,True,False
3956910,Yandere Goth Delinquent Trouble 4,review_count,True,False
4002930,My Ex-Future Family 3: Endgame,"price_twd_original,release_date,review_count",True,False
3257270,Haunted by Femboy,"price_twd_original,review_count",True,False
4198330,Femboy Ghost,"price_twd_original,release_date,review_count",True,False
4078180,Xeno Girlfriend 4,review_count,True,False
3999940,The Suburbs,"price_twd_original,review_count",True,False
4170210,Solomon Islander Dominatrixes Are the Best,review_count,True,False
4379760,MILK ME DARLING: THE ANALIZED BREAST FRIEND,review_count,True,False
3979270,Crooked Knobs,"price_twd_original,review_count",True,False
4060650,Serena: Yellow Creek,"price_twd_original,review_count",True,False
4217280,Reclaim the Fame,"price_twd_original,review_count",True,False
3995260,My Sadistic Girlfriends 2,review_count,True,False
4203040,Christmas Hentai Party,review_count,True,False
4110200,Nauruan Dominatrixes Are the Best,review_count,True,False
4616530,Dolly's Breeding Party,"price_twd_original,review_count",True,False
3989110,Yandere Goth BDSM 12,review_count,True,False
4012550,My Giant Sexy Sensei Bullies Me 2,review_count,True,False
4064490,Monstrous Dungeon,"price_twd_original,release_date,review_count",True,False
4503970,Dual Cultivation Trainer,"price_twd_original,review_count",True,False
4583700,Hentai Futa Furry,"price_twd_original,review_count",True,False
3952290,My Goth Bully Likes Sitting on My Face,review_count,True,False
2339940,Sexdew City,"price_twd_original,review_count",True,False
3880100,SeductVille,"price_twd_original,review_count",True,False
4016890,Malaysian Dominatrixes Are the Best,review_count,True,False
3989290,The Party Mascot,"price_twd_original,review_count",True,False
3981030,Yandere Goth BDSM 9,review_count,True,False
4059590,Indonesian Dominatrixes Are the Best,review_count,True,False
4251700,Away From Home VN,"price_twd_original,review_count",True,False
3941560,Yandere Goth Delinquent Trouble,review_count,True,False
4153870,My Giant Sexy Sensei Bullies Me 9,review_count,True,False
3949670,My Giant Goth Girlfriend Is a Sadist 2,review_count,True,False
4611030,Temptation Loop,"price_twd_original,review_count",True,False
657580,What!? My Neighbors Are Demons!!?,"price_twd_original,review_count",True,False
2499910,他の男の精液で孕むとき２ ―　障子に映る、快感に悶え狂った妻の影　―,review_count,True,False
3968740,Yandere Goth BDSM 6,review_count,True,False
1277880,The Adventures of Kincaid,"price_twd_original,review_count",True,False
3633120,為慾望的世界獻上祝福！,"price_twd_original,release_date,review_count",True,False
4388440,Big Breasted Milky Mommies 5,review_count,True,False
2610550,四叶派对,"price_twd_original,review_count",True,False
2219620,Oni Oneesan,"price_twd_original,review_count",True,False
3576500,Surviving Purge - A Gay Tower Defense,"price_twd_original,review_count",True,False
4430490,Demon Seed - Season 1,"price_twd_original,review_count",True,False
3741440,Sexchmia,"price_twd_original,review_count",True,False
4389660,Big Breasted Milky Mommies 6,review_count,True,False
3633770,LAT 觸手怪物的龐克世界,"price_twd_original,review_count",True,False
3232530,Click and Tits 3,"price_twd_original,review_count",True,False
4114650,Divine Suite,"price_twd_original,release_date,review_count",True,False
3897700,Gooner,"price_twd_original,review_count",True,False
4056530,Banu in the West,"price_twd_original,review_count",True,False
4180290,Was It A Dream - Act 1,"price_twd_original,review_count",True,False
3910340,The Milkwoman,review_count,True,False
3869360,Strip Royale,"price_twd_original,review_count",True,False
4084480,Micronesian Dominatrixes Are the Best,review_count,True,False
4168220,Futanari Princess Royal Desires,"price_twd_original,review_count",True,False
4377610,Far Beach: Desire Remains,"price_twd_original,review_count",True,False
3713030,Naughty Laundry,"price_twd_original,release_date,review_count",True,False
4052220,Girl in the Attic,"price_twd_original,review_count",True,False
4142290,Monster Girl Evolution,"price_twd_original,review_count",True,False
4409650,Hillside: Part One - Fractured Lives,"price_twd_original,release_date,review_count",True,False
3436260,酒店女的誘惑遊戲,"price_twd_original,review_count",True,False
3294070,Horny Princess Survivors,"price_twd_original,release_date,review_count",True,False
4355850,Under the Desk,"price_twd_original,release_date,review_count",True,False
4492790,FURRY SUMMER,"price_twd_original,review_count",True,False
4533310,Hella Stonks,"price_twd_original,review_count",True,False
4211260,Villain Academy,"price_twd_original,release_date,review_count",True,False
4219640,Horny Jail,"price_twd_original,release_date,review_count",True,False
4375110,Tropical Lust,"price_twd_original,release_date,review_count",True,False
3890180,Hentai Achievement Puzzle 2,"price_twd_original,review_count",True,False
4116970,OUTCASTS 2: THE BOOK OF THE DEAD,"price_twd_original,review_count",True,False
3886660,My wife is an office manager,review_count,True,False
3978610,My Sadistic Girlfriends,review_count,True,False
3983970,Yandere Goth BDSM 11,review_count,True,False
3955650,Yandere Goth Delinquent Trouble 3,review_count,True,False
4071930,Xeno Girlfriend 3,review_count,True,False
3990370,My Demonic Jungle Quest,"price_twd_original,review_count",True,False
4019680,Yandere Goth BDSM 14,review_count,True,False
4062260,Timorese Dominatrixes Are the Best,review_count,True,False
3861170,Dominated by: Yandere Goth Maid,review_count,True,False
3999710,Korean Dominatrixes Are the Best,review_count,True,False
4394500,Stepmom Who Fell on a Hike,"price_twd_original,review_count",True,False
4458730,NTR獵人：久子的秘密,"price_twd_original,review_count",True,False
3863530,Dominated by: Yandere Goth MILF Maid,review_count,True,False
4578100,Monster Girls Escapade,"price_twd_original,release_date,review_count",True,False
4526440,Futa Succubus Slay!,"price_twd_original,review_count",True,False
3894300,Heroes Saga,"price_twd_original,review_count",True,False
3902860,Dominated by: Yandere Goth Girlfriend 5,review_count,True,False
3965760,Yandere Goth BDSM 5,review_count,True,False
4086520,Femdom Girlfriend 8: Sensual Femdom,review_count,True,False
1220650,My Forest Home!,"price_twd_original,review_count",True,False
2869350,PARADISE SHOOTING!!,review_count,True,False
4587580,Hentai World Fall,"price_twd_original,review_count",True,False
4486200,Milf Diner Sim,"price_twd_original,review_count",True,False
3995190,Obsessed Lucy,"price_twd_original,review_count",True,False
4067250,Medieval Desires,"price_twd_original,review_count",True,False
2962470,貝爾蘭德的侵蝕-姬騎士莉絲緹亞,"price_twd_original,release_date,review_count",True,False
4320510,Boob Simulator,"price_twd_original,review_count",True,False
4438420,InfiniTease,"price_twd_original,review_count",True,False
4381280,Claiming the Noble Elf Mother,"price_twd_original,review_count",True,False
2273490,Convenient Encounters,"price_twd_original,review_count",True,False
3942470,Origin Story - Season 1,"price_twd_original,review_count",True,False
4600820,Jackie Snape Clicker,"price_twd_original,review_count",True,False
3860760,One Week Away,"price_twd_original,review_count",True,False
4014500,Forbidden Files: Hidden Desire,"price_twd_original,review_count",True,False
2238230,Akrivos VIP,review_count,True,False
3818120,Dominated by: Yandere Goth Boxer,review_count,True,False
2515180,調教カテイ～性開発された肢体は元カレを忘れられない～,review_count,True,False
4069380,Xeno Girlfriend 2,review_count,True,False
4075090,Palauan Dominatrixes Are the Best,review_count,True,False
3569710,乳膠魔塔,"price_twd_original,review_count",True,False
4079520,My Giant Sexy Sensei Bullies Me 5,review_count,True,False
4619430,No Fap Island 2,"price_twd_original,release_date,review_count",True,False
3703610,Daily Waifu!,"price_twd_original,review_count",True,False
4575490,Full Thrust at Work,"price_twd_original,review_count",True,False
3908590,High Desire - Season One,"price_twd_original,release_date,review_count",True,False
3367820,My Femboy Roommate: Special Weekend,"price_twd_original,review_count",True,False
4450550,Femboy Next Door 🔞🚪,"price_twd_original,release_date,review_count",True,False
4207810,Re-Do U,"price_twd_original,review_count",True,False
4394050,Big Breasted Milky Mommies 7,review_count,True,False
3917780,Simping for My Hot Goth Girlfriend,review_count,True,False
2201980,Hentai Beach 2,"price_twd_original,review_count",True,False
2921940,Jen's Suika: Merge & Date,"price_twd_original,review_count",True,False
3443660,Love Comp,"price_twd_original,review_count",True,False
1968250,做愛發電公司,"price_twd_original,review_count",True,False
4029150,Tenant Tails,"price_twd_original,release_date,review_count",True,False
4546270,精靈密友,"price_twd_original,review_count",True,False
4152120,天下功夫出少女,"price_twd_original,review_count",True,False
4178920,My Dorm - Season 2,"price_twd_original,release_date,review_count",True,False
4011180,NTR偶像: Déjà Vu,"price_twd_original,release_date,review_count",True,False
4371480,ハメ堕ち人妻ナース,review_count,True,False
4533800,Horny: Zero Moan 🔞🦕,"price_twd_original,release_date,review_count",True,False
4183200,Pig Island 🐗,"price_twd_original,review_count",True,False
4272540,戀人日常,"price_twd_original,review_count",True,False
4101490,Puppet Mistress,"price_twd_original,review_count",True,False
3963610,Yandere Goth BDSM 4,review_count,True,False
4131760,Femdom Hero 4,review_count,True,False
4485660,Forgetting,"price_twd_original,review_count",True,False
4307450,Eruption Imminent - Season 1,"price_twd_original,release_date,review_count",True,False
3845590,Dominated by: Yandere Goth Idol Sister,review_count,True,False
3800680,My Sadistic Yandere Goth Girlfriend is My Boss,review_count,True,False
3784450,Dominated by: Yandere Goth Co-worker,review_count,True,False
4064880,Papuan Dominatrixes Are the Best,review_count,True,False
2406080,A Night With Maru,review_count,True,False
3954100,Yandere Goth Delinquent Trouble 2,review_count,True,False
3845640,我的異世界飯店,"price_twd_original,review_count",True,False
4103530,Heatwave: Sam's Stay,"price_twd_original,review_count",True,False
4268110,CONDUIT,"price_twd_original,review_count",True,False
4554540,Carnal After Dark™,"price_twd_original,release_date,review_count",True,False
4268960,Catgirls Rhythm Game,"price_twd_original,release_date,review_count",True,False
3488890,Sayaka: My Naughty Milf Neighbor,"price_twd_original,release_date,review_count",True,False
4498120,Hentai Tales: Breed Me - Sensei,"price_twd_original,review_count",True,False
4576180,BDSM Sex - Futanari,"price_twd_original,review_count",True,False
4451320,Goth Femboy Desire,"price_twd_original,review_count",True,False
4194170,Blade or Balls 🧝‍♀️🧌,"price_twd_original,release_date,review_count",True,False
4156180,My Girlfriend's New Kink,"price_twd_original,release_date,review_count",True,False
4489830,Mango: The Saga of the Tavern,"price_twd_original,review_count",True,False
4213140,Femboy House,"price_twd_original,release_date,review_count",True,False
4436120,WHOREHAMMER,"price_twd_original,review_count",True,False
3610830,Gagged Love: My MILF Neighbor,"price_twd_original,review_count",True,False
2941980,幻想中世妓 : Gaudens,"price_twd_original,review_count",True,False
4071450,Pink Light,"price_twd_original,review_count",True,False
4598070,Strict Sensei,review_count,True,False
4126410,Lucky Flash,"price_twd_original,review_count",True,False
3089600,S.X.E. Slider: Cyber Sliders,review_count,True,False
3961920,Yandere Goth BDSM 3,review_count,True,False
1479780,Our Apartment,"price_twd_original,review_count",True,False
2548360,GADGET GUY: The Beginning,"price_twd_original,release_date,review_count",True,False
4207080,愛的禮儀指導,"price_twd_original,review_count",True,False
3946300,I Married My Giant Yandere Goth Bully,review_count,True,False
3903880,NTR介紹所,"price_twd_original,review_count",True,False
2572150,MY VIRGIN ROOMMATE,"price_twd_original,review_count",True,False
4038620,My Giant Sexy Sensei Bullies Me 4,review_count,True,False
4458870,My Goth Roommate,"price_twd_original,review_count",True,False
4300470,Look at our: Cyber-butts,"price_twd_original,review_count",True,False
4024840,Feminization Factory,"price_twd_original,release_date,review_count",True,False
4341650,The Night We Met,"price_twd_original,release_date,review_count",True,False
4103150,捉鬼敢生隊,"price_twd_original,review_count",True,False
4272570,Futa on Top,"price_twd_original,release_date,review_count",True,False
3711590,45號電車,"price_twd_original,release_date,review_count",True,False
3048190,Bubbles & Babes,"price_twd_original,review_count",True,False
4463730,Sexpatch: Horny Capes,"price_twd_original,review_count",True,False
3854420,My Lovable Demon,"price_twd_original,review_count",True,False
3990010,Benefitship: The Hallowed Wiener,"price_twd_original,review_count",True,False
4134910,Moonlight: Season One,"price_twd_original,review_count",True,False
4028930,My Giant Sexy Sensei Bullies Me 3,review_count,True,False
4578720,Orc Bastion,"price_twd_original,release_date,review_count",True,False
3633750,冒險途中全員告白,"price_twd_original,review_count",True,False
3585690,Crown of Lust,"price_twd_original,review_count",True,False
3859560,Dominated by: Yandere Goth Roommate,review_count,True,False
4633230,Wild West Furry - Hentai Jigsaw,"price_twd_original,review_count",True,False
3938880,在站哨和掃地之間，我選擇修機娘,"price_twd_original,review_count",True,False
3959000,Yandere Goth BDSM 2,review_count,True,False
4071470,DepraviA,"price_twd_original,review_count",True,False
3839130,Dominated by: Yandere Goth Bunny 2,review_count,True,False
3217330,LUST RUSH,"price_twd_original,release_date,review_count",True,False
4483210,新搬来的大姐姐真是太可爱了！,"price_twd_original,review_count",True,False
2173930,NTRaholic Remix,"price_twd_original,review_count",True,False
4065090,職場的30天,"price_twd_original,release_date,review_count",True,False
4367740,Survival Guide,"price_twd_original,release_date,review_count",True,False
4511770,Rent a Boyfriend,"price_twd_original,release_date,review_count",True,False
4485710,Corruption Brothel,"price_twd_original,review_count",True,False
4588700,Monster Girls: You Can't Say No 🔞,"price_twd_original,review_count",True,False
4594450,Futa Heim,"price_twd_original,review_count",True,False
4140970,Seedbond,"price_twd_original,review_count",True,False
3552720,Lustwick Duchy,"price_twd_original,release_date,review_count",True,False
3155980,Stranded & Naked,"price_twd_original,release_date,review_count",True,False
4090260,救生員狂熱,"price_twd_original,release_date,review_count",True,False
1812870,Adult Film Maker,"price_twd_original,review_count",True,False
2417030,Potential,"price_twd_original,review_count",True,False
3124190,The Spellbook,"price_twd_original,release_date,review_count",True,False
4186160,Naughty Doug,"price_twd_original,review_count",True,False
1061280,Plastic Love,"price_twd_original,release_date,review_count",True,False
3950220,Hentai Pirates Survivors,"price_twd_original,review_count",True,False
1549830,CyberPunk SEX Tower,"price_twd_original,review_count",True,False
1316220,Rock Star Simulator,"price_twd_original,review_count",True,False
2491300,Spire of Lust & Fetish,"price_twd_original,review_count",True,False
3668440,Darkness and Desire,"price_twd_original,review_count",True,False
3586810,[red7cat] ElfWork,"price_twd_original,review_count",True,False
3353880,What a Legend!,"price_twd_original,release_date,review_count",True,False
4071430,女冒險者的調教術,"price_twd_original,review_count",True,False
4027010,Lewd Remedy,"price_twd_original,review_count",True,False
3192280,密室遊戲決鬥～今天誰會買走我的女友～,"price_twd_original,release_date,review_count",True,False
4400750,Cerulean Invasion: Aftermath,"price_twd_original,release_date,review_count",True,False
685560,Arenus,"price_twd_original,review_count",True,False
4456750,After Hours: Lines of Desire - S1,"price_twd_original,review_count",True,False
3942590,Race of Life - Act 2,"price_twd_original,review_count",True,False
4132480,Guilty Pleasures,"price_twd_original,review_count",True,False
4135490,College Roommates 👩‍🎓,"price_twd_original,review_count",True,False
4036260,Sun City - Episode 2,"price_twd_original,release_date,review_count",True,False
4280130,"SEX, SIN & ROCK'N'ROLL 🤘🎸","price_twd_original,review_count",True,False
4216930,Wicked Ways,"price_twd_original,review_count",True,False
3719000,Dominated by Sadistic Rich Bully Trio,review_count,True,False
4323800,關守神,"price_twd_original,review_count",True,False
4402320,Villainess Trainer,"price_twd_original,review_count",True,False
927740,Cosmic Crush,"price_twd_original,review_count",True,False
4602300,"Next Girl, Please 🎬","price_twd_original,release_date,review_count",True,False
3301610,Streamer Manager Simulator 💖,"price_twd_original,review_count",True,False
3979940,FURRY Uranus PENETRATOR,"price_twd_original,review_count",True,False
2198430,Space Slaves,"price_twd_original,review_count",True,False
2860810,Decked in Love,"price_twd_original,release_date,review_count",True,False
4395010,惡魔摸摸！,"price_twd_original,review_count",True,False
3271540,Sexy Clicker,"price_twd_original,review_count",True,False
3914190,My Hot Goth Roommate Became My Goonmate,review_count,True,False
4159920,My Giant Sexy Sensei Bullies Me 10,review_count,True,False
4357110,Japanese Mature: Sex Dreams,"price_twd_original,review_count",True,False
4571220,Hentai Tales: Summoned - Entrusted with the Elves,"price_twd_original,review_count",True,False
4314240,OnlyVans,"price_twd_original,review_count",True,False
4327690,~調教女鬼~ 淨化巨乳地縛靈,"price_twd_original,review_count",True,False
4185490,Lust at Office,"price_twd_original,review_count",True,False
4212910,Space Romance 🌌,"price_twd_original,release_date,review_count",True,False
3408630,the Changing Prisoner's Dilemma,"price_twd_original,review_count",True,False
3305840,精靈之心的守護者,"price_twd_original,review_count",True,False
4121180,Frozen Heart,"price_twd_original,review_count",True,False
4147190,Risky Business,"price_twd_original,review_count",True,False
4219400,璀璨時刻～與女同事曖昧不清的親密關係～,"price_twd_original,review_count",True,False
4242290,"SPITE: Taking the Boss's Wife, Sister and Mother","price_twd_original,review_count",True,False
4035360,"Femdom Girlfriend 6: Selene, the Mega-Bitch",review_count,True,False
4054800,Femdom Girlfriend 7: Big-Breasted Bully,review_count,True,False
3089610,S.X.E. Slider: Dungeons,review_count,True,False
3436360,牛娘米露菲的淫欲陷阱調教～觸手×媚藥×拘束 絕頂榨取！～,"price_twd_original,release_date,review_count",True,False
4209100,Big Breasted Milky Mommies 4,review_count,True,False
4199470,Swimmer Admiration 2,"price_twd_original,review_count",True,False
4170450,Foxgirl Cassidy,"price_twd_original,review_count",True,False
4087580,Femdom Girlfriend 9: Yuki's Femdom Beatdown,review_count,True,False
3933630,My Hot Goth Roommate Became My Goonmate 2,review_count,True,False
4543360,The Office: Dirty Affairs,"price_twd_original,review_count",True,False
3962420,Futa Slug EX,"price_twd_original,review_count",True,False
3431060,迷霧深淵,"price_twd_original,release_date,review_count",True,False
4071460,Tentacle Locker 2,"price_twd_original,review_count",True,False
4429950,栩的人生已經沒救了！,"price_twd_original,review_count",True,False
2425720,Shards of the Past,"price_twd_original,review_count",True,False
2507830,Labyrinth of Lust,"price_twd_original,release_date,review_count",True,False
3680160,Vivid Days,"price_twd_original,release_date,review_count",True,False
3445640,The Edge Of - Definitive Edition,"price_twd_original,release_date,review_count",True,False
4199810,Werewolf Twins 👹,"price_twd_original,review_count",True,False
3951320,Sellsword Tales Prologue,"price_twd_original,review_count",True,False
2492620,Fattening Career,"price_twd_original,review_count",True,False
1590430,Snow Daze: Redaze,"price_twd_original,release_date,review_count",True,False
4522660,Futanari Mermaids,"price_twd_original,review_count",True,False
4133070,KINKY LIZARD!,"price_twd_original,review_count",True,False
4050270,The Blood Diary,"price_twd_original,review_count",True,False
1040260,Arouse,"price_twd_original,review_count",True,False
4108750,Marshallese Dominatrixes Are the Best,review_count,True,False
3222250,Nudist College,"price_twd_original,review_count",True,False
3391670,Secret Kinks,"price_twd_original,review_count",True,False
4595860,Double Life: Escort Secrets,"price_twd_original,review_count",True,False
3029550,Furry Empire ⚔️,"price_twd_original,release_date,review_count",True,False
3370210,New Antioch,"price_twd_original,review_count",True,False
3436280,魅惑萬花筒,"price_twd_original,release_date,review_count",True,False
3436320,魅魔都市·慾影追逐 ,"price_twd_original,review_count",True,False
4286950,The Perfect Paradise,"price_twd_original,review_count",True,False
3892630,Brothel Master,"price_twd_original,review_count",True,False
4395020,蛤蜊島編年史：慾望滋生之地,"price_twd_original,review_count",True,False
4057440,Tap 4 Sex 2,"price_twd_original,review_count",True,False
4395030,B-Prison Unchain,"price_twd_original,review_count",True,False
4293020,表妹的心動嬉戲,"price_twd_original,review_count",True,False
2227870,Akayo Therapy,"price_twd_original,review_count",True,False
4312360,Bram Stoker's Dracula,"price_twd_original,review_count",True,False
4029530,Crimson Quest,"price_twd_original,review_count",True,False
4535780,Love is Undead,"price_twd_original,review_count",True,False
1497740,Dating Advice from the Apocalypse,"price_twd_original,review_count",True,False
1528530,姐姐的秘密,"price_twd_original,release_date,review_count",True,False
2953140,Furry Fairy Tales,"price_twd_original,review_count",True,False
3509890,Westview Academy - Season 2,"price_twd_original,release_date,review_count",True,False
2528410,Price for Freedom: Gold and Sand,"price_twd_original,review_count",True,False
4442740,My Cuckqueen Girlfriend,"price_twd_original,release_date,review_count",True,False
3629970,Edgefield,"price_twd_original,review_count",True,False
3787390,Love or Lust Beach Stories,"price_twd_original,release_date,review_count",True,False
3426420,LUST CURSE 🔞,"price_twd_original,release_date,review_count",True,False
3468530,B.E.S.T 2,"price_twd_original,review_count",True,False
4260530,列車安全搜查官梨奈,"price_twd_original,review_count",True,False
4260540,聖天使克洛斯妮亞之心,"price_twd_original,review_count",True,False
3850200,Dominated by: Yandere Goth Lifeguard,review_count,True,False
1465030,清洗屋：帮助邻居人妻,"price_twd_original,review_count",True,False
1963440,Ijiaru Oneesann No Otsumami 2,review_count,True,False
2143500,"Hello, Fucking World!","price_twd_original,review_count",True,False
2595970,Hot Homework Help,"price_twd_original,review_count",True,False
4486840,Perfect Son-In-Law: Hidden S-Rank,"price_twd_original,release_date,review_count",True,False
4491210,FUTA FIGHT & FUCK 🥊,"price_twd_original,release_date,review_count",True,False
4356690,Space Babes: Busty Hentai Nympho SQUAD,"price_twd_original,review_count",True,False
3858480,忍法！~色色忍法帖~,"price_twd_original,review_count",True,False
4032770,Warrior of Lust,"price_twd_original,review_count",True,False
4213530,Fuck the Infected 🧟,"price_twd_original,review_count",True,False
4052610,Light-Space Love: New Horizons,"price_twd_original,review_count",True,False
4178570,Amber's Quest,"price_twd_original,review_count",True,False
4260270,與你流落荒島,"price_twd_original,review_count",True,False
3656530,Sex Hill,"price_twd_original,review_count",True,False
4170130,Venomous Dalliances 💚,"price_twd_original,review_count",True,False
4382950,Lustful Dreamers,"price_twd_original,review_count",True,False
4206090,MY KILLER HAREM,"price_twd_original,release_date,review_count",True,False
4291500,春日狂想曲：情竇初開的秘密,"price_twd_original,review_count",True,False
3141990,The Succubus Queen and the Holy Sword,"price_twd_original,release_date,review_count",True,False
4295190,The Velan Reach - Book One: An Unbroken Line,"price_twd_original,review_count",True,False
4315790,帥氣女子霸權都市,"price_twd_original,release_date,review_count",True,False
3023470,Devil Batch,"price_twd_original,review_count",True,False
3125090,FIGHTING GIRL YURI,"price_twd_original,release_date,review_count",True,False
3394720,Scarlett University,"price_twd_original,review_count",True,False
3419540,My Waifu - a Pornstar,"price_twd_original,review_count",True,False
3328350,Galactic Sex Odyssey: NSFW Sci-Fi Porn,"price_twd_original,review_count",True,False
3722160,Beyond the Edge,"price_twd_original,review_count",True,False
3823730,Just Date Goth,"price_twd_original,review_count",True,False
3611010,Ballad of Bullets,"price_twd_original,review_count",True,False
4170610,University Rush,"price_twd_original,review_count",True,False
4116260,In-Security,"price_twd_original,review_count",True,False
4443510,Pawn Pleasure,"price_twd_original,release_date,review_count",True,False
4442190,Lust Poker Club,"price_twd_original,review_count",True,False
4552380,說好只是打工， 為什麼大小姐都在撩我,"price_twd_original,review_count",True,False
4163150,SEX ORCgasm,"price_twd_original,review_count",True,False
4144250,Return of the Boogeyman 👻,"price_twd_original,review_count",True,False
2428490,Swimsuit Samurai,"price_twd_original,release_date,review_count",True,False
2474610,美尻を揺らし他の男と快楽を貪る淫ら妻 ～ごめんなさい、でもあなたのモノじゃ私満足出来ないの……～,review_count,True,False
3555970,My Bimbo Dream: Kingpin,"price_twd_original,release_date,review_count",True,False
4328680,朋友的巨乳媽媽全部都是我！,"price_twd_original,review_count",True,False
4234630,Ophi’s Quest Reign of Lust,"price_twd_original,review_count",True,False
3175460,Pixelate Must Die,"price_twd_original,release_date,review_count",True,False
2147770,Bride Corruption 💍,"price_twd_original,release_date,review_count",True,False
2843800,Whispers Of Sylvan Grove,"price_twd_original,release_date,review_count",True,False
2602070,VanimateApp,"price_twd_original,review_count",True,False
4346650,Zap & Andy: Go to HELL!,"price_twd_original,review_count",True,False
3877070,Midnight Sin,"price_twd_original,review_count",True,False
3708000,OnlyDefense,"price_twd_original,review_count",True,False
3436350,全裸審訊官,"price_twd_original,release_date,review_count",True,False
4212640,Naughty Nate : Tattoo,"price_twd_original,review_count",True,False
3832120,Femboy Survival,"price_twd_original,review_count",True,False
4491190,FRESHMAN: Project SEX 🔞,"price_twd_original,review_count",True,False
4587800,人妻魔女的禁忌關係,"price_twd_original,review_count",True,False
3436290,廢柴惡魔實況中,"price_twd_original,review_count",True,False
4157770,IT's for Adults 🤡,"price_twd_original,release_date,review_count",True,False
4013020,要不要和我女友開幹？,"price_twd_original,review_count",True,False
4542410,Fundoshinobi: The Naked Ninja,"price_twd_original,review_count",True,False
4355490,瑟瑟偶像退魔團 Sex-Pop Demon Hunters,"price_twd_original,review_count",True,False
3944630,My wife is a slutty agent,review_count,True,False
2898180,Porn Empire,"price_twd_original,review_count",True,False
2937940,無人島社員旅行記　～雌性間的生存戰爭～,"price_twd_original,review_count",True,False
4265410,純真少女的魔界冒險,"price_twd_original,release_date,review_count",True,False
4341260,WebCam: Behind The Screen,"price_twd_original,review_count",True,False
4562090,Slime Girl: Sticky Love,"price_twd_original,review_count",True,False
3842240,Vengeance Of The Minotaur RPG,"price_twd_original,release_date,review_count",True,False
4228690,黑金－閃耀鎮,"price_twd_original,review_count",True,False
1813840,Super Mega Hentai Collection!,"price_twd_original,review_count",True,False
3121930,Dimon - The Witch's Pervert Assistant,"price_twd_original,review_count",True,False
3698370,Knockout Master 2,"price_twd_original,review_count",True,False
3785660,Breeding Visa,"price_twd_original,review_count",True,False
3812340,Stella Magical Idol,"price_twd_original,review_count",True,False
4098600,Idle Harem Guild,"price_twd_original,review_count",True,False
2651480,黃衣之王：無盡性劇,"price_twd_original,review_count",True,False
4449260,Pussyhugger Penetration,"price_twd_original,review_count",True,False
2944560,A College of Thirst & Claws - Season 1,"price_twd_original,release_date,review_count",True,False
3436300,禁忌之書與魅惑迷宮,"price_twd_original,review_count",True,False
3436330,盒中少女,"price_twd_original,review_count",True,False
3997310,Forbidden Fantasy: Temptation,"price_twd_original,review_count",True,False
2890360,FutakinValley,"price_twd_original,review_count",True,False
2130800,九子x修菈,"price_twd_original,review_count",True,False
4625340,寝取らせ温泉旅行,"price_twd_original,review_count",True,False
3133500,Bimbo Blaster,"price_twd_original,review_count",True,False
4110220,404號房的情慾按摩,"price_twd_original,review_count",True,False
4294670,Aurora Protocol,"price_twd_original,release_date,review_count",True,False
3281210,Bath House Simulator,"price_twd_original,review_count",True,False
4479130,Reveal Ball Pit: Defeated by Tentacles,"price_twd_original,review_count",True,False
3677480,Once a Porn a Time 3,"price_twd_original,release_date,review_count",True,False
2232830,Indecent Wife Hana: Gravure,"price_twd_original,review_count",True,False
3001870,Boob Shaker,"price_twd_original,review_count",True,False
4370020,被黑手浸染的玫瑰与百合,"price_twd_original,review_count",True,False
3965590,Dane,"price_twd_original,review_count",True,False
4354170,ETERNAL ROMANCE Complete Edition Plus,"price_twd_original,review_count",True,False
4132170,Slime Girl Smoothies Encore!,"price_twd_original,review_count",True,False
4424720,Mansion University,"price_twd_original,review_count",True,False
3092250,Mirror World,"price_twd_original,review_count",True,False
1925000,貓妖孽緣,"price_twd_original,review_count",True,False
2131530,Lewd Guest NTR 🍓,"price_twd_original,review_count",True,False
1994040,筆下女友,"price_twd_original,review_count",True,False
1994050,晝想夜夢,"price_twd_original,release_date,review_count",True,False
1988110,性獸之夜與精靈騎士,"price_twd_original,review_count",True,False
3268690,Love Revenge,"price_twd_original,review_count",True,False
2935030,Horny Kingdom,"price_twd_original,review_count",True,False
2208360,Hentai Doctor 2049,"price_twd_original,release_date,review_count",True,False
2208610,Limits of Sky,"price_twd_original,release_date,review_count",True,False
4311860,Ana's Auto Fellatio,"price_twd_original,review_count",True,False
3426460,Greyvale Rivalry - Season 1,"price_twd_original,review_count",True,False
3474250,Heart of Pacific,"price_twd_original,review_count",True,False
3481560,Crossing the Southern Border: Futa Freedom,"price_twd_original,review_count",True,False
4437270,The Last Embrace,"price_twd_original,review_count",True,False
3441120,No Hell For Me!,"price_twd_original,release_date,review_count",True,False
3587590,Alluring Lullaby,"price_twd_original,review_count",True,False
3404210,Continuum - Season 1,"price_twd_original,release_date,review_count",True,False
4122250,Pussy Pass Denied,"price_twd_original,review_count",True,False
4239550,G Squad: Bonkageddon,"price_twd_original,release_date,review_count",True,False
4250130,Village of Love,"price_twd_original,review_count",True,False
4294210,Date the Difference,"price_twd_original,release_date,review_count",True,False
3934490,Penicl Pushers: Sexy office,"price_twd_original,review_count",True,False
4180410,Be My Lust 2,review_count,True,False
3936360,The Greasy Bull: Lube & Ride,"price_twd_original,review_count",True,False
4151100,My Femdom Wife,"price_twd_original,review_count",True,False
2203290,駭獸少女,"price_twd_original,review_count",True,False
2022620,Private Dick: Lipstick & Lies,"price_twd_original,review_count",True,False
4564880,FEMBOY SLEEPOVER - Episode 2,"price_twd_original,review_count",True,False
2749710,Hentaimon,"price_twd_original,review_count",True,False
2651470,捉妖日記,"price_twd_original,review_count",True,False
3920160,SEXNATURAL: MILFs Must Be Filled 😈💦,"price_twd_original,review_count",True,False
1877490,Projekt Melody: A Nut Between Worlds,"price_twd_original,release_date,review_count",True,False
4510040,Tribal Fantasy: Orc Girl Romance,"price_twd_original,release_date,review_count",True,False
3127360,Hooked!,"price_twd_original,review_count",True,False
4424120,不小心被妖狐辣妹包養的那件事,"price_twd_original,release_date,review_count",True,False
4376090,被擊垮而墮落的強氣人妻,"price_twd_original,review_count",True,False
4135510,Lonely Christmas: Cute Santa 2,review_count,True,False
2219120,For the love of Jamie,"price_twd_original,review_count",True,False
4603560,Hentai Age Shadow,"price_twd_original,review_count",True,False
2819610,Bodacious Babes: Nightlife,review_count,True,False
4587620,東京SEX区,"price_twd_original,review_count",True,False
4041380,My State Sponsored Catgirl,"price_twd_original,review_count",True,False
3166070,被動勇者：100天拯救世界！,"price_twd_original,review_count",True,False
3111830,美人駕到：忘憂島,"price_twd_original,review_count",True,False
2449400,My Furry Succubus 🐾,"price_twd_original,review_count",True,False
2359510,My Furry Girlfriend 🐾,"price_twd_original,review_count",True,False
3468280,Deathblight Jormungandr,"price_twd_original,review_count",True,False
3497960,The Symbiant II,"price_twd_original,review_count",True,False
3354190,romance.exe,"price_twd_original,release_date,review_count",True,False
3916080,Taru's Infernal Pledge,"price_twd_original,review_count",True,False
3301670,My Goth Goblin Princess,"price_twd_original,review_count",True,False
2824570,星的歸還者,"price_twd_original,review_count",True,False
1387230,Crisis on Nova-2,"price_twd_original,review_count",True,False
2301480,Cuckoo Mask,"price_twd_original,review_count",True,False
2158760,Strip Battle,"price_twd_original,release_date,review_count",True,False
2345250,Yogurt: Wet Dreams,"price_twd_original,review_count",True,False
2282810,Rich MILF Drama,"price_twd_original,review_count",True,False
1778300,墮落聖女,"price_twd_original,review_count",True,False
3017630,鬥獸場公主,"price_twd_original,review_count",True,False
3588140,Tune in to the show Part 2,"price_twd_original,review_count",True,False
3512260,Creamy Coffee,"price_twd_original,review_count",True,False
3714590,Harem Of Valerius,"price_twd_original,review_count",True,False
3613980,"Sex Goddess Chronicles: Lilith's Seduction, An NSFW Porn VN","price_twd_original,review_count",True,False
3762900,Hell's Bells,"price_twd_original,review_count",True,False
3825660,異世界大老二,"price_twd_original,release_date,review_count",True,False
2564040,女王的囚禁調教,"price_twd_original,review_count",True,False
3755370,噗咻噗咻！一起拯救落難少女吧,"price_twd_original,review_count",True,False
3944610,I Have Known You,"price_twd_original,review_count",True,False
4440830,Hentai Tales: Licentious Of Chinatown,"price_twd_original,review_count",True,False
4365700,Sacred Exposure,"price_twd_original,review_count",True,False
3298710,S.X.E. Slider: Hard Ridin',review_count,True,False
4366900,開了間放置酒吧撩妹子,"price_twd_original,release_date,review_count",True,False
1114640,My Days with the Demoness,"price_twd_original,release_date,review_count",True,False
4385570,Riverwood,"price_twd_original,review_count",True,False
3903830,Arena of Sacrifice,"price_twd_original,review_count",True,False
4047530,Sinners Landing: Bane of Passion,"price_twd_original,review_count",True,False
3209770,Ingunn: A Swordmaiden Voyage,"price_twd_original,review_count",True,False
4014090,Asaya,"price_twd_original,review_count",True,False
3863000,Angel's love,"price_twd_original,review_count",True,False
4111740,KALEIDOS: Recode the Fallen Goddess,"price_twd_original,review_count",True,False
3886260,Cult Of The Serpent: Cuck Or Be Cucked,"price_twd_original,review_count",True,False
2542680,God vs. Sin,"price_twd_original,review_count",True,False
3014790,Dungeon Epoch: Rebirth,"price_twd_original,review_count",True,False
2802990,Some Heroines Climb Up a Tower to Ask God Why the Game Has a Name That's So Long,"price_twd_original,release_date,review_count",True,False
2804900,Lust Bound,"price_twd_original,review_count",True,False
2849380,Succubus Dungeon,"price_twd_original,review_count",True,False
2854640,EtheriiA - Travelogue,"price_twd_original,review_count",True,False
2132410,Absorption Battle Racing,"price_twd_original,review_count",True,False
2175740,Refuge of Embers,"price_twd_original,review_count",True,False
3263540,The Beautiful Game - Book One,"price_twd_original,review_count",True,False
2807460,The Fruit Stealing Girls,"price_twd_original,release_date,review_count",True,False
2319220,Milkshake!,"price_twd_original,review_count",True,False
2676940,Casual Desires,"price_twd_original,review_count",True,False
3156670,Path of Sorrow and Pleasure,"price_twd_original,review_count",True,False
3568690,Tales of Legendary Lust: Lewd Dungeon Runs,"price_twd_original,review_count",True,False
3997150,Brothel Virgin - The Crimson Reverie,"price_twd_original,review_count",True,False
3700480,Fresh Story 3,"price_twd_original,review_count",True,False
3645320,Succupie: An Erotic Short Story,"price_twd_original,review_count",True,False
3532680,Lusty Shores,"price_twd_original,review_count",True,False
3571570,Sex of Thrones 2 👑,"price_twd_original,review_count",True,False
2940010,Village Slut Transformation 💫,"price_twd_original,review_count",True,False
2454430,Blamed,"price_twd_original,review_count",True,False
3906260,Red Masked Ronin: Desires and Shadows,"price_twd_original,release_date,review_count",True,False
3913950,LA: Streets of Sorcery,"price_twd_original,review_count",True,False
4595400,Erotic Clicker,"price_twd_original,review_count",True,False
4219830,WHERE THE HELL AM I?,"price_twd_original,review_count",True,False
3832250,Jail College,review_count,True,False
3202610,Malevolent Planet 2D,"price_twd_original,review_count",True,False
4427480,Essence Blade,"price_twd_original,review_count",True,False
3859850,The First Temptation VR,"price_twd_original,release_date,review_count",True,False
2421280,我的幸福人生,"price_twd_original,review_count",True,False
1988350,Driven Affairs,"price_twd_original,review_count",True,False
2762840,Blood Raiders,"price_twd_original,review_count",True,False
1203330,Maid Cafe ~Full Service~,"price_twd_original,review_count",True,False
1172370,DJ Beats - Waifus,"price_twd_original,review_count",True,False
1553640,在保健室遇到的傲嬌學妹不可能成為我的女朋友,"price_twd_original,release_date,review_count",True,False
3546990,Futantastic Adventure,"price_twd_original,review_count",True,False
4338490,東京戀淚 Tokyo Loves Tears,"price_twd_original,review_count",True,False
2564080,誘人的姐姐,"price_twd_original,review_count",True,False
2652660,秘密的邀請卡 ~Live2D性愛模擬器~,"price_twd_original,release_date,review_count",True,False
3651540,辦公室的窺視,"price_twd_original,review_count",True,False
892740,Bloom,"price_twd_original,review_count",True,False
1669970,Spellhearts,"price_twd_original,review_count",True,False
4065180,Football Temptations,"price_twd_original,review_count",True,False
1928840,My Dragon Party 🎉,"price_twd_original,review_count",True,False
3144760,Serpentine Shadows and the Joys of Vengeance,"price_twd_original,review_count",True,False
2649320,混幻萌女梦咖啡屋 (Shuffle Waifu Cafe),"price_twd_original,review_count",True,False
2692650,Happy Horny Hell,"price_twd_original,review_count",True,False
3989890,Shadow Island: Part I 🔞,"price_twd_original,review_count",True,False
4216640,AIKO: AI Girlfriend 3D Life Sim,"price_twd_original,review_count",True,False
3849480,Reborn Warrior: Chronicles,"price_twd_original,release_date,review_count",True,False
4210230,Unbreakable Love,"price_twd_original,review_count",True,False
3211360,Monster MILF Hunter,review_count,True,False
1129520,The Lewd Knight,"price_twd_original,review_count",True,False
4005740,Ploy Co.,"price_twd_original,release_date,review_count",True,False
2842850,SEX Hotel Simulator 18+,"price_twd_original,review_count",True,False
2564090,間諜詐欺師,"price_twd_original,review_count",True,False
3146490,Drift On Destiny Line,"price_twd_original,review_count",True,False
2651540,救贖日記-有一天，你也會被堅定的選擇,"price_twd_original,release_date,review_count",True,False
2651560,貓妖少女的救贖,"price_twd_original,release_date,review_count",True,False
3983500,YOUR ALIEN ROOMMATE EMILY,"price_twd_original,review_count",True,False
3978260,Natalie & Soldiers,"price_twd_original,review_count",True,False
2651410,調教女警 - 無盡墮落的深淵,"price_twd_original,review_count",True,False
4030000,Goddess of Death,"price_twd_original,review_count",True,False
3098500,Fairy Fighting,"price_twd_original,review_count",True,False
4065120,慾情三重奏,"price_twd_original,release_date,review_count",True,False
4466410,Dane Lo-Fi,"price_twd_original,review_count",True,False
2100270,Succuquest,"price_twd_original,release_date,review_count",True,False
1887580,Project Cappuccino 2: The Succubus Throne,"price_twd_original,review_count",True,False
1448620,BE Witches,"price_twd_original,review_count",True,False
3520180,與美食少女戀愛吧,"price_twd_original,review_count",True,False
1666640,Magical Girl D - Futanari RPG,"price_twd_original,review_count",True,False
3277170,Chubby Story,"price_twd_original,review_count",True,False
3979920,Furry Came-a-Lot,"price_twd_original,review_count",True,False
4375360,敗姬條款,"price_twd_original,release_date,review_count",True,False
2457470,The Last Oasis Before Chastity,"price_twd_original,review_count",True,False
2575040,Mansion of Memories,"price_twd_original,review_count",True,False
2312370,Bloodcrave,"price_twd_original,review_count",True,False
2548590, Erectoria,"price_twd_original,review_count",True,False
1775620,Crystal Road: Vale of Memories,"price_twd_original,review_count",True,False
3462940,Revival of the Noble Blade,"price_twd_original,release_date,review_count",True,False
3149170,Porcelain Dolls,"price_twd_original,review_count",True,False
2651490,禁忌少女的輪迴之夜,"price_twd_original,review_count",True,False
2651520,見習魔女的淫慾試驗,"price_twd_original,review_count",True,False
3082460,Night Shift,"price_twd_original,review_count",True,False
3122910,我的AI女友,"price_twd_original,review_count",True,False
3179360,University of Magic: Faculty of Witches,"price_twd_original,review_count",True,False
2965760,不獸控制,"price_twd_original,review_count",True,False
3738870,Shinjuku Hearts 2,"price_twd_original,review_count",True,False
4483420,Luna Has Gone,"price_twd_original,review_count",True,False
4605320,Rewind Desires,"price_twd_original,review_count",True,False
3796500,Succum Brewery,"price_twd_original,release_date,review_count",True,False
3413800,Hotel Tales,"price_twd_original,release_date,review_count",True,False
3436160,曹操的人妻野望,"price_twd_original,review_count",True,False
3962840,TACOS - The Adventurous Couple's Original Story Season 1,"price_twd_original,review_count",True,False
4098420,How to Fix the Future: Book One,"price_twd_original,review_count",True,False
4048970,Heart of the Bunker,"price_twd_original,review_count",True,False
4222020,Stepmom Speedrun,"price_twd_original,release_date,review_count",True,False
4326720,Jameela The Sexy Treasure Hunter,review_count,True,False
2103500,Sombionic,"price_twd_original,review_count",True,False
4054720,Wild Weekend,"price_twd_original,review_count",True,False
3559840,櫻姬6,"price_twd_original,review_count",True,False
4234840,Tribal Favors,"price_twd_original,review_count",True,False
1072790,Nekodeito,"price_twd_original,review_count",True,False
3417490,With Eyes Closed - Season 2,"price_twd_original,review_count",True,False
3959980,【Live2D & フルボイス】幼馴染のヒモ姉とのゆったり性活,"price_twd_original,review_count",True,False
4223410,Room Service,"price_twd_original,release_date,review_count",True,False
2816750,寝取られ恋愛事情～上司に絡め取られた乙女心～,review_count,True,False
2777640,Lecherous Village,"price_twd_original,review_count",True,False
1744590,Love Sucks: Night Three,"price_twd_original,release_date,review_count",True,False
3361460,Deluded,"price_twd_original,release_date,review_count",True,False
3819270,Randel Tales,"price_twd_original,review_count",True,False
4175440,魯蛇穿越異世界 -做愛、打工、萬事屋-,"price_twd_original,release_date,review_count",True,False
3544890,Hot Head Alchemist,"price_twd_original,review_count",True,False
4173730,Be My Lust,review_count,True,False
2822040,Bunniiies,"price_twd_original,review_count",True,False
4575140,Project Uncover,"price_twd_original,review_count",True,False
3688290,再看我一眼,"price_twd_original,review_count",True,False
4196510,快穿拼圖·美少女和我的夏天,"price_twd_original,review_count",True,False
4275570,Lost in the Fire,"price_twd_original,review_count",True,False
4602620,Brothel Tycoon 2,"price_twd_original,review_count",True,False
4403260,蟲潮孤堡：機慾防線,"price_twd_original,review_count",True,False
4389050,SWEET ORGASM,"price_twd_original,review_count",True,False
4389060,HAIRY LADIES,"price_twd_original,review_count",True,False
4343890,FUTANARI SEX,"price_twd_original,review_count",True,False
4343900,NARROW HOLES,"price_twd_original,review_count",True,False
4576300,DIRTY PIRATES,"price_twd_original,review_count",True,False
4515190,MITH: Make It To Heaven,"price_twd_original,review_count",True,False
4492810,WHOREHAMMER 69 000,"price_twd_original,review_count",True,False
4523170,Glory Hole Barista,"price_twd_original,review_count",True,False
2417970,Risky Sanctuary,"price_twd_original,review_count",True,False
2243330,Wrapturous Adventure (A Yuri BDSM-Theme Game),"price_twd_original,review_count",True,False
2529620,Anime Angels (feat. Tomozero),"price_twd_original,review_count",True,False
2414440,Soulgasm,"price_twd_original,release_date,review_count",True,False
4048170,MARBLE MIRAGE,"price_twd_original,review_count",True,False
3897000,Chronicles of Ella: Whispers of Mythrillis,"price_twd_original,review_count",True,False
4621990,Special Request: Chapter 2,"price_twd_original,review_count",True,False
4415350,A Night With: Dark-Elf,"price_twd_original,review_count",True,False
1963410,Ohupako Tyoukyou Haisinn,review_count,True,False
1307160,Bad Night - First Incursion,"price_twd_original,review_count",True,False
4076050,Elven Adoption Agency,"price_twd_original,review_count",True,False
4424880,My Dragon Idol,"price_twd_original,review_count",True,False
3427220,機械少女琪塔,"price_twd_original,review_count",True,False
3445230,Hellgate Reiko,"price_twd_original,review_count",True,False
4429450,Kinky Phone - Swipe to Seduce,"price_twd_original,review_count",True,False
2651450,直至深淵,"price_twd_original,review_count",True,False
2747810,Heartsworn Abyss,"price_twd_original,review_count",True,False
1690830,Darkness Cums,"price_twd_original,review_count",True,False
3209850,MAMA,"price_twd_original,review_count",True,False
3058810,The Girls of your Dreams,"price_twd_original,release_date,review_count",True,False
3436190,除陰師,"price_twd_original,review_count",True,False
2102550,Love x Time,"price_twd_original,review_count",True,False
3872540,Gooning Simulator,"price_twd_original,review_count",True,False
3732520,Erokin,"price_twd_original,review_count",True,False
3238940,和存在感薄弱的妹妹一起的簡單生活,"price_twd_original,release_date,review_count",True,False
2651510,新星掠影,"price_twd_original,review_count",True,False
1126240,Mahou Mating,"price_twd_original,review_count",True,False
3951460,黑尾偵探與血月事件,"price_twd_original,review_count",True,False
1032980,Wild Life,"price_twd_original,review_count",True,False
4103170,My Giant Sexy Sensei Bullies Me 8,review_count,True,False
3121840,金斧偶像-商業貼貼,"price_twd_original,review_count",True,False
4591850,Girls of the Deep,"price_twd_original,review_count",True,False
3610840,Gagged Love,"price_twd_original,review_count",True,False
2685440,萊雅的行商蜜事,"price_twd_original,review_count",True,False
4496680,Hentai Tales: Insemination Permit,"price_twd_original,review_count",True,False
4559630,Between Us: Reckoning,"price_twd_original,review_count",True,False
3965310,The Lusanti Chronicles,"price_twd_original,review_count",True,False
4256540,Synthie Maker,"price_twd_original,review_count",True,False
4444500,FUTAHAMMER,"price_twd_original,review_count",True,False
1521010,Pigglet in Mrs. Big Bad Werewolf,"price_twd_original,review_count",True,False
3993630,Femboy Detective,"price_twd_original,review_count",True,False
4337240,Hentai Tales: Possession Stream Nightmare Idol,"price_twd_original,review_count",True,False
2393820,遊樂園奇妙夜,"price_twd_original,review_count",True,False
3720620,人體模型：他們心靈的迴響,"price_twd_original,review_count",True,False
4105960,Charmed Souls,"price_twd_original,review_count",True,False
3874620,Party Me,"price_twd_original,release_date,review_count",True,False
2460460,Chimera: Bloodlines,"price_twd_original,release_date,review_count",True,False
2857350,Flora & Fauna,"price_twd_original,review_count",True,False
2564100,紅衣少女- 山中鬼魅的傳說,"price_twd_original,review_count",True,False
4171770,Stuck with my Ex's Family and ZOMBIES!?,"price_twd_original,review_count",True,False
4195580,The Lewdest Sovereign,"price_twd_original,review_count",True,False
4129510,Eyes on Me,"price_twd_original,review_count",True,False
4337900,Clicky Bunny,"price_twd_original,review_count",True,False
3917030,星際調酒師 Cosmic Cocktails,"price_twd_original,review_count",True,False
3578980,Lovecraft Locker 2: Tentacle Breach,"price_twd_original,review_count",True,False
2455020,性愛除魔 Sexorcism,"price_twd_original,review_count",True,False
3282110,小咲: 狂怒之軌,"price_twd_original,release_date,review_count",True,False
4285110,Tunnel Escape Fates Entwined,"price_twd_original,release_date,review_count",True,False
1428660,LewdQuest,"price_twd_original,review_count",True,False
872460,Queen of the Pack,"price_twd_original,review_count",True,False
4225230,Fisherman's Big Meat,"price_twd_original,review_count",True,False
3430850,Dengenki Days,"price_twd_original,review_count",True,False
2569620,Spells of Lust,"price_twd_original,release_date,review_count",True,False
4029660,Waifu Catcher: Gotta Fu*k 'em All,"price_twd_original,review_count",True,False
3344930,Darker: Chapter 1,"price_twd_original,review_count",True,False
2959420,The Dragonspire,"price_twd_original,release_date,review_count",True,False
3938800,Pleasure Room - Haunted Apartment,"price_twd_original,release_date,review_count",True,False
3416080,Voyeur Villa - Living with Monster Girls Edition,"price_twd_original,review_count",True,False
4365300,Loving Touch,"price_twd_original,review_count",True,False
3979950,Wonder Catgirl XXX,"price_twd_original,review_count",True,False
2947030,Boundless Lust,"price_twd_original,release_date,review_count",True,False
3508310,Dungeon of the Desirable Detainees,"price_twd_original,review_count",True,False
3892390,Horse Magic,"price_twd_original,review_count",True,False
3875970,Is this Really a Massage!?,"price_twd_original,review_count",True,False
4246910,Femboy & Futa Cozy Cafe,"price_twd_original,review_count",True,False
4222160,TOUCH GRASS,"price_twd_original,release_date,review_count",True,False
3946800,Neon Conqueror,"price_twd_original,review_count",True,False
3119450,Rock! Scissors! Please!,"price_twd_original,review_count",True,False
1526540,貓與地下城,"price_twd_original,review_count",True,False
3299110,Parasite Inside,"price_twd_original,release_date,review_count",True,False
1745920,征服者之王,"price_twd_original,release_date,review_count",True,False
4624870,Wife Life : Secret,"price_twd_original,review_count",True,False
4200460,Little Red: Caught on Tape,"price_twd_original,release_date,review_count",True,False
4053940,Bully's Love Trap,"price_twd_original,review_count",True,False
2872120,Friends in a Room,review_count,True,False
3740660,Valse Des Fleurs: Horror RPG Maker Game,"price_twd_original,review_count",True,False
4101650,My Mafia Lord Romance,"price_twd_original,review_count",True,False
2981340,Yosuga no Sora,"price_twd_original,review_count",True,False
3255260,Accursed: Emma's Path,"price_twd_original,release_date,review_count",True,False
3553730,Crypts & Curves,"price_twd_original,review_count",True,False
4250000,Love x Fantasy: Lusty Succubus,"price_twd_original,review_count",True,False
4496460,Hentai Horny Crush,review_count,True,False
3791760,Your Fox Wife,"price_twd_original,review_count",True,False
4512330,美少女拼圖·夏日幻影,"price_twd_original,review_count",True,False
2706690,SexSeal 節奏封淫,"price_twd_original,review_count",True,False
4005870,FreshWomen - Season 3,"price_twd_original,review_count",True,False
3711600,魔物領主：藍寶石,"price_twd_original,review_count",True,False
3887830,ALTERNATE WORLDS,"price_twd_original,review_count",True,False
2022220,淫慾健身房 / Sexy Gym,"price_twd_original,release_date,review_count",True,False
1307080,SEX HENTAI VR,"price_twd_original,review_count",True,False
4474610,Hentai Horny Skirt,review_count,True,False
3157160,Cupid's Chatroom,"price_twd_original,review_count",True,False
4454010,Whispers of Desire,"price_twd_original,review_count",True,False
3660010,Milky Harvest,"price_twd_original,review_count",True,False
1294620,CrocApoca!! 和鱷魚少女共度世界末日,"price_twd_original,review_count",True,False
4558920,Yua Games collection,"price_twd_original,review_count",True,False
1891550,Legend of Mythos ~Touhou Winter Heart Cage~,"price_twd_original,review_count",True,False
762000,Witches Craft,"price_twd_original,review_count",True,False
2843920,Juicy Cream Pie ™,"price_twd_original,review_count",True,False
4528810,Hentai Milfs Boobs,review_count,True,False
4584630,Order Up,"price_twd_original,review_count",True,False
4135000,Femboy Tooters,"price_twd_original,review_count",True,False
4517650,Hentai Milf & Futanari,review_count,True,False
3224160,Poolside 18+,"price_twd_original,review_count",True,False
4024670,Moanarchy,"price_twd_original,review_count",True,False
4566260,Milf Hunter Survivors,"price_twd_original,review_count",True,False
3310970,Still Water 死水,"price_twd_original,release_date,review_count",True,False
4453690,Hentai Waifu,review_count,True,False
4421070,Hentai Horny Milf,review_count,True,False
4516310,Clicker Complex: Vira’s Private Stream,"price_twd_original,review_count",True,False
1574130,The Ruins of Vagastia,"price_twd_original,release_date,review_count",True,False
4334080,Freyline,"price_twd_original,review_count",True,False
4478850,StripoRama,"price_twd_original,review_count",True,False
4077350,Holstaur Milk Ranch,"price_twd_original,release_date,review_count",True,False
4157280,Fever House,"price_twd_original,review_count",True,False
3886560,Fetish Love: NSFW Dating Sim,"price_twd_original,review_count",True,False
4379570,Hentai Body,review_count,True,False
4234730,Chuppy Saves the Day,"price_twd_original,review_count",True,False
2394400,Dating Izzie,"price_twd_original,review_count",True,False
3804840,MILF's Plaza 2,"price_twd_original,review_count",True,False
3264300,Spark of Joy,"price_twd_original,review_count",True,False
4588520,Athletes Student For Living,"price_twd_original,review_count",True,False
4321030,MalO On Camera Deluxxx,"price_twd_original,review_count",True,False
4354380,Hentai Skirt,review_count,True,False
4187050,NTR Phone,"price_twd_original,review_count",True,False
4293340,Sweet Prison,review_count,True,False
4282670,Sweet Touch,review_count,True,False
4231830,Sweet Night,review_count,True,False
4421110,Hentai Pantyhose,review_count,True,False
2239990,Love n Dream 3,"price_twd_original,review_count",True,False
4545010,Xmas Hentai Girlfriends,"price_twd_original,review_count",True,False
4386620,Hentai Panties,review_count,True,False
3694000,Elena's Story: The Vaalbara Chronicle,"price_twd_original,review_count",True,False
4518610,FUTAHAMMER 69000,"price_twd_original,review_count",True,False
2922590,黑暗大陸編年史：墮落精靈,"price_twd_original,release_date,review_count",True,False
4290490,Hot Sex Massage,"price_twd_original,review_count",True,False
4576310,SEX KINGDOM,"price_twd_original,review_count",True,False
3841270,UnHolY PraYeR,"price_twd_original,review_count",True,False
4120350,The Power of Truth - Book 1,"price_twd_original,review_count",True,False
2355530,The One Chapter 2,review_count,True,False
4086960,MELONS MILKSHAKE: JUICY BATTLEFIELD,review_count,True,False
4524290,Hentai Reina,"price_twd_original,review_count",True,False
1683170,The Forest of Love,"price_twd_original,review_count",True,False
4516470,Deadset Darling,"price_twd_original,review_count",True,False
4517640,Hentai Succubus,review_count,True,False
3805170,Arthur's Quest 2 - The Oath of the Bara Spirits Brotherhood,"price_twd_original,review_count",True,False
4294130,Suspira,"price_twd_original,review_count",True,False
4284680,Sex Apartment 2: Grand Hotel,"price_twd_original,review_count",True,False
3660020,Horny Doctor,"price_twd_original,release_date,review_count",True,False
4566470,Hentai Furry Goat,"price_twd_original,review_count",True,False
3891630,Fertility Clinic,"price_twd_original,review_count",True,False
1981910,GymBeasts,"price_twd_original,review_count",True,False
2699130,Network Euphoria,"price_twd_original,review_count",True,False
4544180,Hentai Horny Office,review_count,True,False
1146670,Beauty And Violence: Valkyries,"price_twd_original,review_count",True,False
3269660,Starmaker Story,"price_twd_original,review_count",True,False
4078340,Happy Hour,"price_twd_original,review_count",True,False
3925240,宅男戀愛物語,"price_twd_original,review_count",True,False
4531510,Hot MILF Hunter,"price_twd_original,review_count",True,False
2235400,Fairy Tale Academy,"price_twd_original,release_date,review_count",True,False
4488490,MY VAMPIRE WIFE,"price_twd_original,review_count",True,False
3192260,與女僕一起生活,"price_twd_original,release_date,review_count",True,False
4327500,Futa Hero,"price_twd_original,review_count",True,False
4363440,SECRET WORK AFTER HOURS,review_count,True,False
4282720,頹廢！！兔子性活,"price_twd_original,release_date,review_count",True,False
4328400,Unclean Water,"price_twd_original,release_date,review_count",True,False
3458250,IN HEAT: Honeymoon! 3D,"price_twd_original,release_date,review_count",True,False
4627510,Hentai Glacial,"price_twd_original,review_count",True,False
4013010,死命必守！,"price_twd_original,release_date,review_count",True,False
4587910,Hentai Sexy Office,"price_twd_original,review_count",True,False
2323050,Nordstrums Treasure,"price_twd_original,release_date,review_count",True,False
4548130,Hentai Love Hotel,"price_twd_original,review_count",True,False
4608270,Hentai Big Boobs Femboy,"price_twd_original,review_count",True,False
4608280,Hentai Futa Milf,"price_twd_original,review_count",True,False
4646480,Hentai Futanari MILF Teacher,"price_twd_original,review_count",True,False
4567000,Dominó Gótico,"price_twd_original,review_count",True,False
4605070,Lyndaria 2: Dragon Passion,"price_twd_original,review_count",True,False
3464000,性機錯亂 : 伊利希亞計畫,"price_twd_original,review_count",True,False
3226480,Bedtime Stories 2,review_count,True,False
3996680,都市女孩:心跳海风,"price_twd_original,review_count",True,False
4413080,Sweet Medieval,"price_twd_original,review_count",True,False
4432410,Sweet Hospital 2,"price_twd_original,review_count",True,False
4350970,Sweet Hawaii,"price_twd_original,review_count",True,False
4571590,Sweet Running,"price_twd_original,review_count",True,False
4550050,Sweet Massage 2,"price_twd_original,review_count",True,False
4507970,Sweet AI,"price_twd_original,review_count",True,False
4481520,Sweet Birthday,"price_twd_original,review_count",True,False
4528610,Sweet Dating,"price_twd_original,review_count",True,False
4453610,Sweet Airline,"price_twd_original,review_count",True,False
4618290,Sweet Time,"price_twd_original,review_count",True,False
4596770,Sweet Hentai,"price_twd_original,review_count",True,False
4390950,Sweet Reporter,"price_twd_original,review_count",True,False
4368840,Sweet Agent,"price_twd_original,review_count",True,False
4334470,Sweet Worker,"price_twd_original,review_count",True,False
4130270,Lust In Nocturne,"price_twd_original,review_count",True,False
3774720,Alchemy Passage,review_count,True,False
4306520,Pookie's Otherworld Tavern,"price_twd_original,release_date,review_count",True,False
3665480,Monster Ops 14,review_count,True,False
3970710,Exilium: Kiro,review_count,True,False
4596650,Hentai Turbulence,review_count,True,False
4600850,Hentai Manor,"price_twd_original,review_count",True,False
3859670,Sex,"price_twd_original,review_count",True,False
2085640,Dreamy Love,"price_twd_original,review_count",True,False
4615930,Hentai Clicker: Mila is streaming,"price_twd_original,review_count",True,False
3691290,MEDUSA,review_count,True,False
4594290,Honeymoon Waifu,"price_twd_original,review_count",True,False
4579920,Hentai Clicker: Akumi is streaming,"price_twd_original,review_count",True,False
3910920,Agent Sherine: Dancing Fox,"price_twd_original,review_count",True,False
2689780,Giant Wishes 2,"price_twd_original,release_date,review_count",True,False
2630420,精靈守望,"price_twd_original,review_count",True,False
4460220,Secret Sexy Streamer,"price_twd_original,review_count",True,False
4533570,Hentai Shion,"price_twd_original,review_count",True,False
3036900,Hentai Tights,"price_twd_original,review_count",True,False
3818530,Xastur Spa: Erotic Salon Tycoon,"price_twd_original,review_count",True,False
4631010,A Lucky Hunt With : Aella,"price_twd_original,review_count",True,False
3426440,LOVE SHOP Simulator 💕🛒,"price_twd_original,release_date,review_count",True,False
3738790,Charter To Paradise,"price_twd_original,review_count",True,False
2610290,Teacher Seduction,"price_twd_original,release_date,review_count",True,False
3092600,Hentai Cowgirl,"price_twd_original,review_count",True,False
3675870,Ray's Hotel Adventures,"price_twd_original,review_count",True,False
3021870,Hentai Fox,"price_twd_original,review_count",True,False
4033150,Moka Love Relive♪,"price_twd_original,review_count",True,False
1785160,One Week With You,"price_twd_original,review_count",True,False
4443240,Legacy of Epstein: Noncompliance,"price_twd_original,review_count",True,False
2356360,不双修就去异世界探险吧！,"price_twd_original,review_count",True,False
2537220,Ardent Passions,"price_twd_original,review_count",True,False
3320610,Sexbot II: Recalibrated,"price_twd_original,review_count",True,False
3382900,HENTAI WITCH ACADEMY 2,review_count,True,False
3604040,Occult Trap,"price_twd_original,release_date,review_count",True,False
2579970,Shattered World,"price_twd_original,review_count",True,False
